id,tags,title,reference,SMILES,Experimental n,DFT_energy,DFT_dipoleX,DFT_dipoleY,DFT_dipoleZ,DFT_dipoleTot,DFT_HOMO,DFT_LUMO,DFT_alpha656nm,rdkit_vol,rdkit_MaxEStateIndex,rdkit_MinEStateIndex,rdkit_MaxAbsEStateIndex,rdkit_MinAbsEStateIndex,rdkit_qed,rdkit_MolWt,rdkit_HeavyAtomMolWt,rdkit_ExactMolWt,rdkit_NumValenceElectrons,rdkit_NumRadicalElectrons,rdkit_MaxPartialCharge,rdkit_MinPartialCharge,rdkit_MaxAbsPartialCharge,rdkit_MinAbsPartialCharge,rdkit_FpDensityMorgan1,rdkit_FpDensityMorgan2,rdkit_FpDensityMorgan3,rdkit_BCUT2D_MWHI,rdkit_BCUT2D_MWLOW,rdkit_BCUT2D_CHGHI,rdkit_BCUT2D_CHGLO,rdkit_BCUT2D_LOGPHI,rdkit_BCUT2D_LOGPLOW,rdkit_BCUT2D_MRHI,rdkit_BCUT2D_MRLOW,rdkit_BalabanJ,rdkit_BertzCT,rdkit_Chi0,rdkit_Chi0n,rdkit_Chi0v,rdkit_Chi1,rdkit_Chi1n,rdkit_Chi1v,rdkit_Chi2n,rdkit_Chi2v,rdkit_Chi3n,rdkit_Chi3v,rdkit_Chi4n,rdkit_Chi4v,rdkit_HallKierAlpha,rdkit_Ipc,rdkit_Kappa1,rdkit_Kappa2,rdkit_Kappa3,rdkit_LabuteASA,rdkit_PEOE_VSA1,rdkit_PEOE_VSA10,rdkit_PEOE_VSA11,rdkit_PEOE_VSA12,rdkit_PEOE_VSA13,rdkit_PEOE_VSA14,rdkit_PEOE_VSA2,rdkit_PEOE_VSA3,rdkit_PEOE_VSA4,rdkit_PEOE_VSA5,rdkit_PEOE_VSA6,rdkit_PEOE_VSA7,rdkit_PEOE_VSA8,rdkit_PEOE_VSA9,rdkit_SMR_VSA1,rdkit_SMR_VSA10,rdkit_SMR_VSA2,rdkit_SMR_VSA3,rdkit_SMR_VSA4,rdkit_SMR_VSA5,rdkit_SMR_VSA6,rdkit_SMR_VSA7,rdkit_SMR_VSA8,rdkit_SMR_VSA9,rdkit_SlogP_VSA1,rdkit_SlogP_VSA10,rdkit_SlogP_VSA11,rdkit_SlogP_VSA12,rdkit_SlogP_VSA2,rdkit_SlogP_VSA3,rdkit_SlogP_VSA4,rdkit_SlogP_VSA5,rdkit_SlogP_VSA6,rdkit_SlogP_VSA7,rdkit_SlogP_VSA8,rdkit_SlogP_VSA9,rdkit_TPSA,rdkit_EState_VSA1,rdkit_EState_VSA10,rdkit_EState_VSA11,rdkit_EState_VSA2,rdkit_EState_VSA3,rdkit_EState_VSA4,rdkit_EState_VSA5,rdkit_EState_VSA6,rdkit_EState_VSA7,rdkit_EState_VSA8,rdkit_EState_VSA9,rdkit_VSA_EState1,rdkit_VSA_EState10,rdkit_VSA_EState2,rdkit_VSA_EState3,rdkit_VSA_EState4,rdkit_VSA_EState5,rdkit_VSA_EState6,rdkit_VSA_EState7,rdkit_VSA_EState8,rdkit_VSA_EState9,rdkit_FractionCSP3,rdkit_HeavyAtomCount,rdkit_NHOHCount,rdkit_NOCount,rdkit_NumAliphaticCarbocycles,rdkit_NumAliphaticHeterocycles,rdkit_NumAliphaticRings,rdkit_NumAromaticCarbocycles,rdkit_NumAromaticHeterocycles,rdkit_NumAromaticRings,rdkit_NumHAcceptors,rdkit_NumHDonors,rdkit_NumHeteroatoms,rdkit_NumRotatableBonds,rdkit_NumSaturatedCarbocycles,rdkit_NumSaturatedHeterocycles,rdkit_NumSaturatedRings,rdkit_RingCount,rdkit_MolLogP,rdkit_MolMR,rdkit_fr_Al_COO,rdkit_fr_Al_OH,rdkit_fr_Al_OH_noTert,rdkit_fr_ArN,rdkit_fr_Ar_COO,rdkit_fr_Ar_N,rdkit_fr_Ar_NH,rdkit_fr_Ar_OH,rdkit_fr_COO,rdkit_fr_COO2,rdkit_fr_C_O,rdkit_fr_C_O_noCOO,rdkit_fr_C_S,rdkit_fr_HOCCN,rdkit_fr_Imine,rdkit_fr_NH0,rdkit_fr_NH1,rdkit_fr_NH2,rdkit_fr_N_O,rdkit_fr_Ndealkylation1,rdkit_fr_Ndealkylation2,rdkit_fr_Nhpyrrole,rdkit_fr_SH,rdkit_fr_aldehyde,rdkit_fr_alkyl_carbamate,rdkit_fr_alkyl_halide,rdkit_fr_allylic_oxid,rdkit_fr_amide,rdkit_fr_amidine,rdkit_fr_aniline,rdkit_fr_aryl_methyl,rdkit_fr_azide,rdkit_fr_azo,rdkit_fr_barbitur,rdkit_fr_benzene,rdkit_fr_benzodiazepine,rdkit_fr_bicyclic,rdkit_fr_diazo,rdkit_fr_dihydropyridine,rdkit_fr_epoxide,rdkit_fr_ester,rdkit_fr_ether,rdkit_fr_furan,rdkit_fr_guanido,rdkit_fr_halogen,rdkit_fr_hdrzine,rdkit_fr_hdrzone,rdkit_fr_imidazole,rdkit_fr_imide,rdkit_fr_isocyan,rdkit_fr_isothiocyan,rdkit_fr_ketone,rdkit_fr_ketone_Topliss,rdkit_fr_lactam,rdkit_fr_lactone,rdkit_fr_methoxy,rdkit_fr_morpholine,rdkit_fr_nitrile,rdkit_fr_nitro,rdkit_fr_nitro_arom,rdkit_fr_nitro_arom_nonortho,rdkit_fr_nitroso,rdkit_fr_oxazole,rdkit_fr_oxime,rdkit_fr_para_hydroxylation,rdkit_fr_phenol,rdkit_fr_phenol_noOrthoHbond,rdkit_fr_phos_acid,rdkit_fr_phos_ester,rdkit_fr_piperdine,rdkit_fr_piperzine,rdkit_fr_priamide,rdkit_fr_prisulfonamd,rdkit_fr_pyridine,rdkit_fr_quatN,rdkit_fr_sulfide,rdkit_fr_sulfonamd,rdkit_fr_sulfone,rdkit_fr_term_acetylene,rdkit_fr_tetrazole,rdkit_fr_thiazole,rdkit_fr_thiocyan,rdkit_fr_thiophene,rdkit_fr_unbrch_alkane,rdkit_fr_urea,JR_BoilingPoint,JR_MeltingPoint,JR_CriticalTemp,JR_CriticalPress,JR_CriticalVolume,JR_EnthalpyForm,JR_GibbsEnergy,JR_HeatCapacity,JR_EnthalpyVap,JR_EnthalpyFus,JR_LiquidVisco,JR_CrystalSolub_1,JR_CrystalSolub_2,JR_AmorphSolub_1,JR_AmorphSolub_2,DFTMD_vol,Experimental_volume,Experimental_alpha
9259,4,"Poly(propylene), Poly(1-methylethylene)",PolymerDatabase https://polymerdatabase.com/,CC([*])C[*],1.485,-119.1553598,0,0.0493,0,0.0493,-0.3234,0.09614,34.56,61.696,2.395833333,0.75,2.395833333,0.75,0.414720175,42.081,36.033,42.04695019,18,0,0,0,0,0,3,3.333333333,3.333333333,0,0,0,0,0,0,0,0,2.539538861,18.85475297,4.28445705,2.28445705,2.28445705,2.27005561,0.98559856,0.98559856,0.40824829,0.40824829,0,0,0,0,0,9.651484454,0.75,0.125,0,21.46913526,0,0,0,0,0,20.26829602,0,0,0,0,0,0,0,0,0,0,0,0,0,20.26829602,0,0,0,0,0,0,0,0,0,0,0,6.9237372,0,13.34455882,0,0,0,0,0,0,0,0,0,6.420821623,6.9237372,0,6.9237372,0,1.525462963,0,0,0,0,0,0,1.24537037,4.0625,0,1,3,0,0,0,0,0,0,0,0,0,0,2,1,0,0,0,0,1.3117,14.231,0,0,0,0,0,0,0,0,0,0,0,0,0,0,0,0,0,0,0,0,0,0,0,0,0,0,0,0,0,0,0,0,0,0,0,0,0,0,0,0,0,0,0,0,0,0,0,0,0,0,0,0,0,0,0,0,0,0,0,0,0,0,0,0,0,0,0,0,0,0,0,0,0,0,0,0,0,0,0,0,0,0,0,0,0,266.4,141.31,423.3741701,46.02619074,179.5,1.09,76.7,63.81882879,21.59,3.367,0.000108944,0,0,20020.43976,10033.98882,118.8910625,80.81155301,37.31294202
9338,4,"Poly(isobutene), Poly(isobutylene), Butyl rubber",PolymerDatabase https://polymerdatabase.com/,[*]C(C)(C)C[*],1.5075,-158.4727654,0,0,-0.0768,0.0768,-0.31681,0.08599,45.27,78.472,2.416666667,0.659722222,2.416666667,0.659722222,0.428639994,56.108,48.044,56.06260026,24,0,0,0,0,0,2.25,2.5,2.5,0,0,0,0,0,0,0,0,3.168489873,35.30296891,5.207106781,3.207106781,3.207106781,2.560660172,1.353553391,1.353553391,1.207106781,1.207106781,0,0,0,0,0,12.16479704,1.44,0.244897959,0.222222222,27.83407737,0,0,0,0,0,26.68911765,0,0,0,0,0,0,0,0,0,0,0,0,0,26.68911765,0,0,0,0,0,0,0,0,0,0,0,13.8474744,0,12.84164325,0,0,0,0,0,0,0,0,5.917906046,0,6.9237372,0,13.8474744,0,1.381944444,0,0,0,0,0.902777778,0,0,6.465277778,0,1,4,0,0,0,0,0,0,0,0,0,0,2,1,0,0,0,0,1.7018,18.848,0,0,0,0,0,0,0,0,0,0,0,0,0,0,0,0,0,0,0,0,0,0,0,0,0,0,0,0,0,0,0,0,0,0,0,0,0,0,0,0,0,0,0,0,0,0,0,0,0,0,0,0,0,0,0,0,0,0,0,0,0,0,0,0,0,0,0,0,0,0,0,0,0,0,0,0,0,0,0,0,0,0,0,0,0,286.49,170,452.5747076,41.14411921,230.5,-23.02,90.4,86.5925776,22.908,2.066,0.000216103,0,67410.07158,44772.61001,22439.46055,148.976413,106.5173232,51.11126024
9279,4,"Poly(1,2-butadiene)",PolymerDatabase https://polymerdatabase.com/,[*]CC(C=C)[*],1.54,-157.2327957,-0.3333,0.0169,-0.0949,0.3469,-0.25039,0.02482,43.93,72.872,3.733935185,0.625,3.733935185,0.625,0.418692927,54.092,48.044,54.04695019,22,0,0,0,0,0,2.75,3.5,3.5,0,0,0,0,0,0,0,0,2.964900495,42.81274391,4.991563832,2.568914101,2.568914101,2.808060412,1.149829914,1.149829914,0.471404521,0.471404521,0.166666667,0.166666667,0,0,-0.26,19.80026906,1.249729566,0.369226086,0.068119191,27.14447434,0,0,0,0,0,25.99951461,0,0,0,0,0,0,0,0,0,0,0,0,0,13.34455882,0,12.65495579,0,0,0,0,0,0,0,0,0,0,12.65495579,13.34455882,0,0,0,0,0,0,0,0,6.420821623,0,6.9237372,0,12.65495579,0,1.320462963,0,0,0,0,0,0,3.206018519,5.306851852,0,0.5,4,0,0,0,0,0,0,0,0,0,0,2,2,0,0,0,0,1.4778,18.754,0,0,0,0,0,0,0,0,0,0,0,0,0,0,0,0,0,0,0,0,0,0,0,0,0,0,1,0,0,0,0,0,0,0,0,0,0,0,0,0,0,0,0,0,0,0,0,0,0,0,0,0,0,0,0,0,0,0,0,0,0,0,0,0,0,0,0,0,0,0,0,0,0,0,0,0,0,0,0,0,0,0,0,0,0,285.96,150.82,448.2994181,42.83051451,216.5,105.88,172.96,76.17370284,23.146,4.677,0.000145073,0,0,8887.086993,4454.094545,143.2621698,98.7404622,49.91020586
9304,4,"Poly(ethyl ethylene), Poly(butylene)",PolymerDatabase https://polymerdatabase.com/,CCC([*])C[*],1.5,-158.4719543,0,0,0,0,-0.31746,0.09487,45.51,78.424,2.332824074,0.743055556,2.332824074,0.743055556,0.451400653,56.108,48.044,56.06260026,24,0,0,0,0,0,2.5,3.25,3.25,0,0,0,0,0,0,0,0,2.754184786,24.72905595,4.991563832,2.991563832,2.991563832,2.808060412,1.523603362,1.523603362,0.696923425,0.696923425,0.288675135,0.288675135,0,0,0,19.80026906,1.44,0.48,0.125,27.83407737,0,0,0,0,0,26.68911765,0,0,0,0,0,0,0,0,0,0,0,0,0,26.68911765,0,0,0,0,0,0,0,0,0,0,0,13.34455882,0,13.34455882,0,0,0,0,0,0,0,0,0,12.84164325,6.9237372,0,6.9237372,0,1.509768519,0,0,0,0,0,0,2.799768519,4.023796296,0,1,4,0,0,0,0,0,0,0,0,0,0,2,2,0,0,0,0,1.7018,18.848,0,0,0,0,0,0,0,0,0,0,0,0,0,0,0,0,0,0,0,0,0,0,0,0,0,0,0,0,0,0,0,0,0,0,0,0,0,0,0,0,0,0,0,0,0,0,0,0,0,0,0,0,0,0,0,0,0,0,0,0,0,0,0,0,0,0,0,0,0,0,0,0,0,0,0,0,0,0,0,0,0,0,0,0,0,289.28,152.58,448.3261007,40.56959714,235.5,-19.55,85.12,86.70380794,23.816,5.957,0.000163283,0,0,2292.64803,1149.045924,148.5060564,108.5013479,51.41186546
9318,4,Poly(octylethylene),PolymerDatabase https://polymerdatabase.com/,CCCCCCCCC([*])C[*],1.47,-394.37102,0,0,0,0,-0.29109,0.09039,113.22,179.24,2.295205942,0.706227246,2.295205942,0.706227246,0.44622027,140.27,120.11,140.1565006,60,0,0,0,0,0,1.2,1.9,2.6,0,0,0,0,0,0,0,0,2.901852426,83.90776467,9.234204519,7.234204519,7.234204519,5.808060412,4.523603362,4.523603362,2.845117222,2.845117222,1.761801681,1.761801681,1.06900522,1.06900522,0,445.8887202,6.694214876,4.760330579,3.92,66.02373006,0,0,0,0,0,65.21404738,0,0,0,0,0,0,0,0,0,0,0,0,0,65.21404738,0,0,0,0,0,0,0,0,0,0,0,51.86948856,0,13.34455882,0,0,0,0,0,0,0,0,0,38.52492974,19.76538045,0,6.9237372,0,1.441597436,0,0,0,0,0,0,11.87930773,4.012428164,0,1,10,0,0,0,0,0,0,0,0,0,0,2,8,0,0,0,0,4.0424,46.55,0,0,0,0,0,0,0,0,0,0,0,0,0,0,0,0,0,0,0,0,0,0,0,0,0,0,0,0,0,0,0,0,0,0,0,0,0,0,0,0,0,0,0,0,0,0,0,0,0,0,0,0,0,0,0,0,0,0,0,0,0,0,0,0,0,0,0,0,0,0,0,0,0,0,0,0,0,0,0,0,0,0,0,4,0,426.56,220.2,587.2848129,21.71403656,571.5,-143.39,135.64,224.0136828,37.172,21.497,0.000823544,483.1308801,242.1390293,7.644374557,3.831262937,368.8589479,269.2162271,121.0085097
9340,4,Poly(isobutylethylene),PolymerDatabase https://polymerdatabase.com/,CC(C)CC([*])C[*],1.465,-237.1042904,0.0146,0.0311,-0.0695,0.0776,-0.30474,0.08726,67.17,112.328,2.351666667,0.704722222,2.351666667,0.704722222,0.49202261,84.162,72.066,84.09390038,36,0,0,0,0,0,1.833333333,2.5,2.666666667,0,0,0,0,0,0,0,0,3.098828094,52.490225,6.568914101,4.568914101,4.568914101,3.66390246,2.37944541,2.37944541,1.918224245,1.918224245,0.638071187,0.638071187,0.333333333,0.333333333,0,42.84459141,3.06122449,1.25,1,40.5639616,0,0,0,0,0,39.53076089,0,0,0,0,0,0,0,0,0,0,0,0,5.917906046,33.61285484,0,0,0,0,0,0,0,0,0,0,5.917906046,20.26829602,0,13.34455882,0,0,0,0,0,0,0,0,5.917906046,6.420821623,13.34455882,0,13.8474744,0,1.442546296,0,0,0,0,0.982083333,0,2.846064815,6.395972222,0,1,6,0,0,0,0,0,0,0,0,0,0,2,3,0,0,0,0,2.3379,28.012,0,0,0,0,0,0,0,0,0,0,0,0,0,0,0,0,0,0,0,0,0,0,0,0,0,0,0,0,0,0,0,0,0,0,0,0,0,0,0,0,0,0,0,0,0,0,0,0,0,0,0,0,0,0,0,0,0,0,0,0,0,0,0,0,0,0,0,0,0,0,0,0,0,0,0,0,0,0,0,0,0,0,0,0,0,334.6,160.12,499.7158221,32.50430032,341.5,-66.11,99.52,132.2585216,27.88,7.614,0.000307296,58548.53699,29343.77929,426.3975398,213.7050034,218.6524257,167.4299242,74.56881428
9341,4,"Polyisoprene, Poly(1-methyl-1-butenylene)",PolymerDatabase https://polymerdatabase.com/,[*]C/C=C(C[*])\C,1.515,-196.5562976,0.0851,0.2494,0,0.2635,-0.22455,0.03136,55.98,89.296,2.4375,0.655925926,2.4375,0.655925926,0.433192299,68.119,60.055,68.06260026,28,0,0,0,0,0,2.2,3,3.2,0,0,0,0,0,0,0,0,3.285979159,66.48040588,5.698670613,3.491563832,3.491563832,3.308060412,1.550476816,1.550476816,1.050476816,1.050476816,0.348461713,0.348461713,0,0,-0.26,31.91663524,2.012323326,0.852214547,0.503980131,33.50941645,0,0,0,0,0,32.42033624,0,0,0,0,0,0,0,0,0,0,0,0,0,20.7712116,0,11.64912464,0,0,0,0,0,0,0,0,0,6.9237372,11.64912464,13.8474744,0,0,0,0,0,0,0,0,0,13.8474744,5.57310453,0,12.99975731,0,1.318148148,0,0,0,1.675925926,0,0,2.4375,5.235092593,0,0.6,5,0,0,0,0,0,0,0,0,0,0,2,2,0,0,0,0,1.8679,23.371,0,0,0,0,0,0,0,0,0,0,0,0,0,0,0,0,0,0,0,0,0,0,0,0,0,0,2,0,0,0,0,0,0,0,0,0,0,0,0,0,0,0,0,0,0,0,0,0,0,0,0,0,0,0,0,0,0,0,0,0,0,0,0,0,0,0,0,0,0,0,0,0,0,0,0,0,0,0,0,0,0,0,0,0,0,316.64,159.81,485.6663322,38.24546629,278.5,72.52,167.65,95.523176,26.468,10.962,0,0,70594.07692,112.7681461,56.51795518,167.5218917,125.0325802,60.74207718
9284,4,Poly[oxy(hexyloxymethyl)ethylene],PolymerDatabase https://polymerdatabase.com/,CCCCCCOCC([*])OC[*],1.47,-505.4570957,0.18,-0.1464,0,0.232,-0.24886,0.08725,110.49,181.056,5.566757685,0.327755023,5.566757685,0.327755023,0.477625344,158.241,140.097,158.1306798,66,0,0,0,0,0,1.454545455,2.363636364,3.090909091,0,0,0,0,0,0,0,0,2.974977301,101.6154913,9.9413113,7.343594318,7.343594318,6.308060412,4.217082736,4.217082736,2.468908462,2.468908462,1.445972167,1.445972167,0.810459219,0.810459219,-0.08,708.340305,7.562989055,5.555061484,5.218152397,69.8858784,0,0,0,0,0,69.01119303,0,0,0,0,0,0,0,0,9.473725908,0,0,0,0,39.21390566,20.32356147,0,0,0,0,0,0,0,26.93044343,9.473725908,0,32.60702369,0,0,0,0,18.46,0,0,0,0,6.606881965,20.32356147,25.68328649,0,0,6.9237372,9.473725908,11.90101626,0,0,0,0,0,0,5.211601131,4.630079652,1.090636287,1,11,0,2,0,0,0,0,0,0,2,0,4,9,0,0,0,0,1.9821,44.701,0,0,0,0,0,0,0,0,0,0,0,0,0,0,0,0,0,0,0,0,0,0,0,0,0,0,0,0,0,0,0,0,0,0,0,0,0,0,0,0,0,2,0,0,0,0,0,0,0,0,0,0,0,0,0,0,0,0,0,0,0,0,0,0,0,0,0,0,0,0,0,0,0,0,0,0,0,0,0,0,0,0,0,4,0,448.52,253.39,610.2702834,23.02526147,551.5,-387.19,-82.78,231.275582,39.766,21.283,0.00086661,29162.11503,14615.67976,4929.827086,2470.7664,382.4194043,270.9884577,121.8050999
9264,4,"Polystyrene, Polyethenylbenzene, Lustrexﾂｮ, Styronﾂｮ, Vestyronﾂｮ, Styrofoamﾂｮ, Fome-Corﾂｮ, Luranﾂｮ",PolymerDatabase https://polymerdatabase.com/,[*]CC([*])c1ccccc1,1.525,-310.8950813,-0.2966,0,-0.0073,0.2967,-0.23614,0.00431,81.06,116.864,2.291157407,0.554259259,2.291157407,0.554259259,0.539443336,104.152,96.088,104.0626003,40,0,0,0,0,0,1.5,2.25,2.875,0,0,0,0,0,0,0,0,2.746978189,183.7088964,7.397341225,4.671208396,4.671208396,4.842535255,2.607607028,2.607607028,1.614807748,1.614807748,1.035274752,1.035274752,0.589121682,0.589121682,-0.78,237.5874173,3.285913486,1.346311876,0.531903067,50.16128735,0,0,0,0,0,49.23984566,0,0,0,0,0,0,0,0,0,0,0,0,0,13.34455882,0,35.89528683,0,0,0,0,0,0,0,0,0,11.98427311,30.33183534,6.9237372,0,0,0,0,0,0,0,0,6.420821623,0,12.48718869,0,30.33183534,0,1.194591837,0,0,0,1.622685185,0,11.02485261,1.070555556,1.587314815,0,0.25,8,0,0,0,0,0,1,0,1,0,0,2,2,0,0,0,1,2.2446,33.99,0,0,0,0,0,0,0,0,0,0,0,0,0,0,0,0,0,0,0,0,0,0,0,0,0,0,0,0,0,0,0,0,0,0,1,0,0,0,0,0,0,0,0,0,0,0,0,0,0,0,0,0,0,0,0,0,0,0,0,0,0,0,0,0,0,0,0,0,0,0,0,0,0,0,0,0,0,0,0,0,0,0,0,0,0,407.48,224.08,614.3958367,37.96321289,351.5,134.42,231.21,118.7247013,34.996,10.358,0.000607955,20595.27589,10322.08935,3293.740889,1650.780884,249.1562584,164.7713969,81.35060538
9254,4,Poly(n-octyl acrylate),PolymerDatabase https://polymerdatabase.com/,CCCCCCCCOC(C([*])C[*])=O,1.46,-582.9200071,2.6713,3.3731,-0.9982,4.417,-0.25745,0.01238,128.94,208.16,11.38953558,0.137553881,11.38953558,0.137553881,0.406089132,184.279,164.119,184.1463299,76,0,0,0,0,0,1.384615385,2.076923077,2.769230769,0,0,0,0,0,0,0,0,3.199615835,162.6669112,11.51866157,8.5507011,8.5507011,7.218744015,5.100953631,5.100953631,3.139388404,3.139388404,1.908878596,1.908878596,1.114078739,1.114078739,-0.53,1876.489678,9.041866652,6.005092742,4.912768658,81.6637395,0,0,0,0,0,80.90081315,0,0,0,0,0,0,0,0,9.531400138,5.969305288,0,0,0,58.79322576,6.606881965,0,0,0,0,0,0,0,12.57618725,9.531400138,0,45.44866694,0,13.34455882,0,0,26.3,0,4.794537184,0,5.969305288,13.02770359,6.420821623,39.02784531,0,0,6.9237372,4.736862954,5.846126232,0,11.38953558,0,0,0.137553881,0,7.992031297,4.134753014,0,0.909090909,13,0,2,0,0,0,0,0,0,2,0,4,9,0,0,0,0,3.1955,52.892,0,0,0,0,0,0,0,0,0,0,1,1,0,0,0,0,0,0,0,0,0,0,0,0,0,0,0,0,0,0,0,0,0,0,0,0,0,0,0,0,1,1,0,0,0,0,0,0,0,0,0,0,0,0,0,0,0,0,0,0,0,0,0,0,0,0,0,0,0,0,0,0,0,0,0,0,0,0,0,0,0,0,0,5,0,507.66,273.8,674.2289677,19.98333789,653.5,-481.31,-166.31,262.8670492,46.805,28.456,0.002088616,1298.601341,650.8424135,430.4394442,215.7307543,422.1360166,312.358465,137.8272516
9298,4,Poly(ﾎｱ-methylstyrene),PolymerDatabase https://polymerdatabase.com/,CC(C[*])([*])c1ccccc1,1.59,-350.2109272,0.2814,-0.0381,0,0.284,-0.23609,0.00359,92.21,134.136,2.453703704,0.463981481,2.453703704,0.463981481,0.559093036,118.179,108.099,118.0782503,46,0,0,0,0,0,1.555555556,2.222222222,2.777777778,0,0,0,0,0,0,0,0,2.928444531,216.2641593,8.319990956,5.593858127,5.593858127,5.165831887,3.014236993,3.014236993,2.14635549,2.14635549,1.266588348,1.266588348,0.722670649,0.722670649,-0.78,321.7661601,4.102460622,1.381397845,0.747784577,56.52622946,0,0,0,0,0,55.66066728,0,0,0,0,0,0,0,0,0,0,0,0,0,19.76538045,0,35.89528683,0,0,0,0,0,0,0,5.917906046,0,12.48718869,30.33183534,6.9237372,0,0,0,0,0,0,0,5.917906046,0,0,12.48718869,0,37.25557254,0,1.051073318,0,0,0,1.606481481,0.695694444,11.05712113,0,4.006296296,0,0.333333333,9,0,0,0,0,0,1,0,1,0,0,2,2,0,0,0,1,2.4187,38.601,0,0,0,0,0,0,0,0,0,0,0,0,0,0,0,0,0,0,0,0,0,0,0,0,0,0,0,0,0,0,0,0,0,0,1,0,0,0,0,0,0,0,0,0,0,0,0,0,0,0,0,0,0,0,0,0,0,0,0,0,0,0,0,0,0,0,0,0,0,0,0,0,0,0,0,0,0,0,0,0,0,0,0,0,0,427.57,252.77,641.3710343,34.27869401,402.5,110.31,244.91,141.4984501,36.314,9.057,0.001026275,8084.260712,4051.728262,3740.404322,1874.642895,270.6789147,183.4678797,99.74771469
9241,4,"Nylon 6-10, Polyamide 6-10,ﾂ Poly(hexamethylene sebacamide)",PolymerDatabase https://polymerdatabase.com/,O=C(NCCCCCCN[*])CCCCCCCCC([*])=O,1.54,-888.9948088,2.3953,0.9405,-1.2762,2.8724,-0.23075,-0.02114,199.44,310.72,11.64499784,-0.05792356,11.64499784,0.05792356,0.427944614,282.428,252.188,282.2307282,116,0,0,0,0,0,0.75,1.3,1.95,0,0,0,0,0,0,0,0,3.173825519,289.3193712,16.46840904,12.71599152,12.71599152,10.66390246,8.072461853,8.072461853,5.279824504,5.279824504,3.35839971,3.35839971,2.109582166,2.109582166,-0.9,54379.56746,15.48810921,11.88792031,12.15013569,123.4261798,0,0,0,0,0,122.972243,0,0,0,0,0,0,0,0,9.589074368,12.19334025,0,11.05045608,0,77.04985948,13.08951281,0,0,0,11.05045608,0,0,0,25.28285306,9.589074368,0,77.04985948,0,0,0,0,58.2,0,9.589074368,0,5.907179729,12.70698215,38.64886452,45.06968614,0,0,11.05045608,0,0.316184015,0,22.53905375,3.024470354,3.394385895,0.219009405,0,13.79720411,2.043025803,0,0.875,20,2,4,0,0,0,0,0,0,3,2,6,16,0,0,0,0,2.9136,81.4234,0,0,0,0,0,0,0,0,0,0,2,2,0,0,0,0,2,0,0,0,0,0,0,0,0,0,0,1,0,0,0,0,0,0,0,0,0,0,0,0,0,0,0,0,0,0,0,0,0,0,0,0,0,0,0,0,0,0,0,0,0,0,0,0,0,0,0,0,0,0,0,0,0,0,0,0,0,0,0,0,0,0,0,10,0,772.36,508,953.608754,15.04645442,995.5,-380.17,109.54,397.3307968,77.28,53.776,0,17.33036664,8.685758512,3337.163293,1672.543639,646.1890043,451.1052901,228.0195716
9322,4,"Nylon 12, Poly(ﾏ・dodecanamide), Poly(dodecano-12-lactam)",PolymerDatabase https://polymerdatabase.com/,O=C([*])CCCCCCCCCCCN[*],1.525,-602.344943,-2.8763,0.9801,-0.2105,3.046,-0.2302,-0.02105,145.06,228.648,10.81454174,-0.001433294,10.81454174,0.001433294,0.487214322,197.322,174.138,197.1779644,82,0,0,0,0,0,0.928571429,1.428571429,1.928571429,0,0,0,0,0,0,0,0,2.904707558,165.09775,12.06263164,9.186422884,9.186422884,7.77005561,5.911230926,5.911230926,3.826318083,3.826318083,2.455615463,2.455615463,1.559605651,1.559605651,-0.37,3073.482057,10.15813323,7.98130905,8.238336797,88.25502708,0,0,0,0,0,87.56733782,0,0,0,0,0,0,0,0,4.794537184,6.286160523,0,5.733667477,0,64.20821623,6.544756406,0,0,0,5.733667477,0,0,0,12.83091693,4.794537184,0,64.20821623,0,0,0,0,29.1,0,4.794537184,0,0,6.286160523,12.84164325,57.91132939,0,0,5.733667477,0,0.43305178,0,10.81454174,0,3.429601482,0,0,13.71465931,1.274812349,0,0.916666667,14,1,2,0,0,0,0,0,0,2,1,4,12,0,0,0,0,3.0172,59.1797,0,0,0,0,0,0,0,0,0,0,1,1,0,0,0,0,1,0,0,0,0,0,0,0,0,0,0,0,0,0,0,0,0,0,0,0,0,0,0,0,0,0,0,0,0,0,0,0,0,0,0,0,0,0,0,0,0,0,0,0,0,0,0,0,0,0,0,0,0,0,0,0,0,0,0,0,0,0,0,0,0,0,0,9,0,576.8,360.33,745.3006777,19.40654777,730.5,-238.5,115.39,287.8948829,55.194,36.808,0,285.8745597,143.2766797,2391.483503,1198.581001,448.0068102,327.7774086,161.8296083
9251,4,"Nylon 6-12, Poly(hexamethylene dodecanediamide)",PolymerDatabase https://polymerdatabase.com/,O=C(NCCCCCCN[*])CCCCCCCCCCC([*])=O,1.525,-967.6278283,-2.4845,-0.8226,-1.2489,2.8999,-0.23055,-0.02105,222.58,344.192,11.70507346,-0.046516795,11.70507346,0.046516795,0.379568931,310.482,276.21,310.2620283,128,0,0,0,0,0,0.681818182,1.181818182,1.772727273,0,0,0,0,0,0,0,0,3.161310112,315.3938857,17.8826226,14.13020508,14.13020508,11.66390246,9.072461853,9.072461853,5.986931285,5.986931285,3.85839971,3.85839971,2.463135557,2.463135557,-0.9,0,17.45380111,13.74164839,14.0548303,136.1560641,0,0,0,0,0,135.8138862,0,0,0,0,0,0,0,0,9.589074368,12.19334025,0,11.05045608,0,89.89150272,13.08951281,0,0,0,11.05045608,0,0,0,25.28285306,9.589074368,0,89.89150272,0,0,0,0,58.2,0,9.589074368,0,5.907179729,12.70698215,32.2280429,64.33215101,0,0,11.05045608,0,0.327894051,0,22.62548385,3.043250386,3.401261243,0.233007563,0,16.64869268,2.053743566,0,0.888888889,22,2,4,0,0,0,0,0,0,3,2,6,18,0,0,0,0,3.6938,90.6574,0,0,0,0,0,0,0,0,0,0,2,2,0,0,0,0,2,0,0,0,0,0,0,0,0,0,0,1,0,0,0,0,0,0,0,0,0,0,0,0,0,0,0,0,0,0,0,0,0,0,0,0,0,0,0,0,0,0,0,0,0,0,0,0,0,0,0,0,0,0,0,0,0,0,0,0,0,0,0,0,0,0,0,12,0,818.12,530.54,1004.108829,13.03288196,1107.5,-421.45,126.38,443.100755,81.732,58.956,0,1.880773198,0.942619516,656.3625495,328.9605304,682.4518026,486.5573873,240.2221426
9242,4,Poly(methacrylonitrile),PolymerDatabase https://polymerdatabase.com/,CC(C[*])([*])C#N,1.555,-211.3928139,-3.8934,-0.0002,-0.674,3.9513,-0.31783,0.03592,45.47,80.296,8.446527778,0.25,8.446527778,0.25,0.451801696,67.091,62.051,67.04219916,26,0,0,0,0,0,2.6,3.2,3.2,0,0,0,0,0,0,0,0,3.655790926,92.35314212,5.914213562,3.154320377,3.154320377,3.121320344,1.327160188,1.327160188,0.892133485,0.892133485,0.19086034,0.19086034,0,0,-0.51,26.83874054,1.814481339,0.385709633,0.257071111,32.22665705,0,0,0,0,0,31.09649331,0,0,0,0,0,0,0,0,0,0,5.261891555,0,0,19.76538045,0,0,0,6.069221313,0,0,0,0,0,0,11.33111287,6.9237372,0,12.84164325,0,0,23.79,0,0,0,5.917906046,0,0,6.9237372,0,0,12.99295851,5.261891555,0.782638889,0,0,8.446527778,0,0.25,2.364583333,0,3.40625,0,0.75,5,0,1,0,0,0,0,0,0,1,0,3,1,0,0,0,0,1.20548,18.787,0,0,0,0,0,0,0,0,0,0,0,0,0,0,0,1,0,0,0,0,0,0,0,0,0,0,0,0,0,0,0,0,0,0,0,0,0,0,0,0,0,0,0,0,0,0,0,0,0,0,0,0,0,0,0,0,0,1,0,0,0,0,0,0,0,0,0,0,0,0,0,0,0,0,0,0,0,0,0,0,0,0,0,0,0,388.57,234.99,586.7864605,39.85562698,256.5,141.86,223.58,86.74322097,33.386,3.572,0,0,56595.80807,69182.57368,34673.42272,146.5989933,99.95232633,51.68395876
9303,4,Poly(butyl acrylate),PolymerDatabase https://polymerdatabase.com/,CCCCOC(C([*])C[*])=O,1.465,-425.6439151,1.9002,3.9482,0.001,4.3816,-0.25663,0.01408,83.38,141.128,11.12917045,0.118935185,11.12917045,0.118935185,0.41527185,128.171,116.075,128.0837296,52,0,0,0,0,0,2,2.777777778,3.333333333,0,0,0,0,0,0,0,0,3.361326226,117.0082012,8.690234444,5.722273975,5.722273975,5.218744015,3.100953631,3.100953631,1.725174842,1.725174842,0.908878596,0.908878596,0.376024148,0.376024148,-0.53,245.8273534,5.270170382,2.852566646,2.038928006,56.20397104,0,0,0,0,0,55.21752666,0,0,0,0,0,0,0,0,9.531400138,5.969305288,0,0,0,33.10993927,6.606881965,0,0,0,0,0,0,0,12.57618725,9.531400138,0,19.76538045,0,13.34455882,0,0,26.3,0,4.794537184,0,5.969305288,13.02770359,12.84164325,6.9237372,0,0,6.9237372,4.736862954,5.706771621,0,11.12917045,0,0,0.118935185,0,2.558781888,3.98634086,0,0.857142857,9,0,2,0,0,0,0,0,0,2,0,4,5,0,0,0,0,1.6351,34.424,0,0,0,0,0,0,0,0,0,0,1,1,0,0,0,0,0,0,0,0,0,0,0,0,0,0,0,0,0,0,0,0,0,0,0,0,0,0,0,0,1,1,0,0,0,0,0,0,0,0,0,0,0,0,0,0,0,0,0,0,0,0,0,0,0,0,0,0,0,0,0,0,0,0,0,0,0,0,0,0,0,0,0,1,0,416.14,228.72,586.9183579,29.1238752,429.5,-398.75,-199.99,171.3271327,37.901,18.096,0.000909849,92680.79976,46450.43364,5198.150469,2605.246654,278.5236629,197.1376277,87.79983157
9342,4,Poly(isopropyl acrylate),PolymerDatabase https://polymerdatabase.com/,CC(OC(C([*])C[*])=O)C,1.47,-386.3415289,1.8118,3.7057,-1.301,4.3252,-0.25679,0.014,71.37,124.128,11.06476852,0.083055556,11.06476852,0.083055556,0.51586678,114.144,104.064,114.0680796,46,0,0,0,0,0,2,2.625,3,0,0,0,0,0,0,0,0,3.620574369,114.3154438,8.14626437,5.1783039,5.1783039,4.574586063,2.495574514,2.495574514,1.689765659,1.689765659,0.518522831,0.518522831,0.280420331,0.280420331,-0.53,116.29134,4.358753835,1.765979143,1.218715724,49.83902893,0,0,0,0,0,48.79670504,0,0,0,0,0,0,0,0,9.531400138,5.969305288,0,0,0,33.29599961,0,0,0,0,0,0,0,0,12.07327168,9.531400138,0,13.8474744,0,13.34455882,0,0,26.3,0,4.794537184,0,12.07327168,6.420821623,0,6.9237372,0,13.8474744,0,4.736862954,5.659554044,0,11.06476852,0,0,0.087962963,0,0.488055556,5.032992252,0,0.833333333,8,0,2,0,0,0,0,0,0,2,0,4,3,0,0,0,0,1.2434,29.785,0,0,0,0,0,0,0,0,0,0,1,1,0,0,0,0,0,0,0,0,0,0,0,0,0,0,0,0,0,0,0,0,0,0,0,0,0,0,0,0,1,1,0,0,0,0,0,0,0,0,0,0,0,0,0,0,0,0,0,0,0,0,0,0,0,0,0,0,0,0,0,0,0,0,0,0,0,0,0,0,0,0,0,0,0,392.82,202.45,568.3685989,32.69041102,367.5,-383.39,-210.85,148.2269089,35.287,11.983,0.000715738,0,0,12960.62512,6495.699851,246.5009371,175.5629384,78.91281209
9316,4,Poly(cyclohexyl methacrylate),PolymerDatabase https://polymerdatabase.com/,O=C(OC1CCCCC1)C(C[*])([*])C,1.51,-542.4150363,-0.6223,-1.1504,-1.4848,1.9788,-0.2578,0.01882,111.32,179.672,11.84432823,0.053022959,11.84432823,0.053022959,0.605234551,168.236,152.108,168.1150298,68,0,0,0,0,0,1.666666667,2.333333333,2.916666667,0,0,0,0,0,0,0,0,2.38781969,198.2986792,10.60444801,7.636487537,7.636487537,6.559678737,4.564000522,4.564000522,3.445657604,3.445657604,2.174365308,2.174365308,1.434949275,1.434949275,-0.53,1287.889103,6.929814187,2.752408237,1.621366197,74.29296623,0,0,0,0,0,73.47416037,0,0,0,0,0,0,0,0,9.531400138,5.969305288,0,0,0,57.97345495,0,0,0,0,0,0,0,0,12.07327168,9.531400138,0,39.02784531,0,12.84164325,0,0,26.3,0,4.794537184,0,17.99117772,0,12.84164325,26.18620207,0,0,6.9237372,4.736862954,6.058323334,0,11.84432823,0,0,0.205245181,0,6.305086294,3.33701696,0,0.9,12,0,2,1,0,1,0,0,0,2,0,4,3,1,0,1,1,2.5578,46.139,0,0,0,0,0,0,0,0,0,0,1,1,0,0,0,0,0,0,0,0,0,0,0,0,0,0,0,0,0,0,0,0,0,0,0,0,0,0,0,0,1,1,0,0,0,0,0,0,0,0,0,0,0,0,0,0,0,0,0,0,0,0,0,0,0,0,0,0,0,0,0,0,0,0,0,0,0,0,0,0,0,0,0,0,0,501.54,287.33,710.1451327,26.98600101,525.5,-409.82,-145,203.7066062,44.1,13.81,0.003322532,3769.805415,1889.378347,3041.861747,1524.542274,358.6031333,254.0561764,122.4128151
9301,4,Poly(benzyl acrylate),PolymerDatabase https://polymerdatabase.com/,O=C(OCc1ccccc1)C([*])C[*],1.57,-538.7574475,-1.069,3.7744,0.8,4.0036,-0.24735,-0.00935,109.06,162.256,11.4276696,0.059123205,11.4276696,0.059123205,0.633054264,162.188,152.108,162.0680796,62,0,0,0,0,0,1.583333333,2.333333333,3,0,0,0,0,0,0,0,0,2.37932374,287.4332894,10.38890506,6.694811758,6.694811758,6.736382105,3.658083843,3.658083843,2.297433433,2.297433433,1.390585677,1.390585677,0.787623964,0.787623964,-1.31,1616.976847,6.233070156,2.972469744,1.642164995,72.16623891,0,0,0,0,0,71.34743305,0,0,0,0,0,0,0,0,9.531400138,5.969305288,0,0,0,19.95144079,0,35.89528683,0,0,0,0,0,0,5.969305288,16.1382821,0,5.563451492,30.33183534,13.34455882,0,0,26.3,0,4.794537184,0,5.969305288,13.02770359,5.563451492,6.9237372,0,30.33183534,0,4.736862954,5.740022676,0,11.4276696,0,1.079809146,0.059123205,9.865245969,0.359918745,1.634877331,0,0.3,12,0,2,0,0,0,1,0,1,2,0,4,4,0,0,0,1,2.0352,44.795,0,0,0,0,0,0,0,0,0,0,1,1,0,0,0,0,0,0,0,0,0,0,0,0,0,0,0,0,0,0,0,0,0,0,1,0,0,0,0,0,1,1,0,0,0,0,0,0,0,0,0,0,0,0,0,0,0,0,0,0,0,0,0,0,0,0,0,0,0,0,0,0,0,0,0,0,0,0,0,0,0,0,0,0,0,511.46,288.95,719.1039773,30.52409878,489.5,-224.14,-62.32,180.4630469,46.855,19.907,0.002054395,11663.22673,5845.460342,8998.460993,4509.913772,340.0282621,234.2741586,123.8305425
9337,4,"Nylon 6, Polyamide 6, Poly(caprolactam), Poly(hexano-6-lactam), Poly(6-aminohexanoic acid), Poly(hexamethylene adipamide)",PolymerDatabase https://polymerdatabase.com/,O=C([*])CCCCCN[*],1.495,-366.4458502,-2.8408,0.9501,-0.1419,2.9988,-0.235,-0.02141,76.31,127.568,10.58427036,0.012330641,10.58427036,0.012330641,0.512979401,113.16,102.072,113.084064,46,0,0,0,0,0,1.625,2.5,3.125,0,0,0,0,0,0,0,0,2.838589122,97.74860596,7.819990956,4.943782196,4.943782196,4.77005561,2.911230926,2.911230926,1.704997739,1.704997739,0.955615463,0.955615463,0.498945479,0.498945479,-0.37,142.1951606,4.503290913,2.821686281,2.745638273,50.0653744,0,0,0,0,0,49.04240808,0,0,0,0,0,0,0,0,4.794537184,6.286160523,0,5.733667477,0,25.68328649,6.544756406,0,0,0,5.733667477,0,0,0,12.83091693,4.794537184,0,25.68328649,0,0,0,0,29.1,0,4.794537184,0,0,6.286160523,12.84164325,19.38639965,0,0,5.733667477,0,0.421941374,0,10.58427036,0,3.336520692,0,0,5.125049131,1.19888511,0,0.833333333,8,1,2,0,0,0,0,0,0,2,1,4,6,0,0,0,0,0.6766,31.4777,0,0,0,0,0,0,0,0,0,0,1,1,0,0,0,0,1,0,0,0,0,0,0,0,0,0,0,0,0,0,0,0,0,0,0,0,0,0,0,0,0,0,0,0,0,0,0,0,0,0,0,0,0,0,0,0,0,0,0,0,0,0,0,0,0,0,0,0,0,0,0,0,0,0,0,0,0,0,0,0,0,0,0,3,0,439.52,292.71,615.5000938,34.84762527,394.5,-114.66,64.87,150.5850081,41.838,21.268,0,0,85406.8961,0,72935.53669,236.2687883,174.0494647,81.77105646
9256,4,"Poly(phenylsulfone), Poly(1,4-biphenyl ether ether sulfone)",PolymerDatabase https://polymerdatabase.com/,[*]c1ccc(S(=O)(c2ccc(Oc3ccc(c4ccc(O[*])cc4)cc3)cc2)=O)cc1,1.67,-1624.440128,-3.8047,1.7334,3.2297,5.2831,-0.21285,-0.04484,310.6,350.52,12.80242549,-3.519496838,12.80242549,0.066561539,0.457222634,400.455,384.327,400.07693,142,0,0,0,0,0,0.586206897,1,1.482758621,0,0,0,0,0,0,0,0,1.477151221,1267.752734,21.84672421,15.27884576,16.09534234,14.95185817,8.88942288,10.37258613,6.361360431,8.311043048,4.409652569,6.195188503,2.872571834,4.13351286,-3.57,0,16.39039385,6.793841611,3.600064166,169.1358631,0,0,0,0,0,169.3930861,0,0,0,0,0,0,0,0,18.26118733,15.9036202,0,0,0,9.790966951,0,97.0618731,0,28.37543848,15.90975742,0,17.2485355,0,8.417796984,9.837253136,0,0,106.85284,0,11.12690298,0,52.6,9.837253136,8.417796984,0,4.895483476,16.39450714,16.87641482,6.066367068,36.39820241,60.66367068,0,9.843390349,31.46197479,0,0.581688559,5.444516787,2.202423181,2.206103266,30.87279025,0,0,-3.519496838,0,29,0,4,0,0,0,4,0,4,4,0,7,6,0,0,0,4,4.9964,110.5498,0,0,0,0,0,0,0,0,0,0,0,0,0,0,0,0,0,0,0,0,0,0,0,0,0,0,0,0,0,0,0,0,0,0,4,0,0,0,0,0,0,1,0,0,0,0,0,0,0,0,0,0,0,0,0,0,0,0,0,0,0,0,0,0,0,0,0,0,0,0,0,0,0,0,0,0,0,1,0,0,0,0,0,0,0,897.8,597.36,1141.823481,21.39383395,1037.5,-286.49,-44.58,370.7982855,97.114,45.512,0.148316717,0.025945003,0.013003304,2.554748749,1.280407458,835.3540819,515.6648381,310.3308571
9262,4,"Poly(propylene sulfide), Poly(2-methylthiirane)",PolymerDatabase https://polymerdatabase.com/,[*]CC(S[*])C,1.595,-517.3414245,1.4902,0.7929,0.7181,1.8344,-0.23313,0.02666,49.97,80.128,2.365740741,0.66087963,2.365740741,0.66087963,0.478463085,74.148,68.1,74.01902119,24,0,0,0,0,0,2.75,3.5,3.5,0,0,0,0,0,0,0,0,2.754184786,27.97416845,4.991563832,2.692705341,3.509201922,2.808060412,1.22130082,1.692705341,0.810617218,1.615355072,0,0,0,0,0.35,19.80026906,1.705576906,0.646357761,0.226337693,32.62420192,0,0,0,0,0,31.72620158,0,0,0,0,0,0,0,0,0,12.62878915,0,0,0,19.09741243,0,0,0,0,0,0,0,12.62878915,5.24993803,0,0,6.9237372,0,6.9237372,0,0,0,0,0,0,0,0,5.24993803,0,6.9237372,0,19.55252635,0,1.384259259,2.237268519,0,1.074074074,0,0,0,0,3.971064815,0,1,4,0,0,0,0,0,0,0,0,1,0,3,2,0,0,0,0,1.54,21.86,0,0,0,0,0,0,0,0,0,0,0,0,0,0,0,0,0,0,0,0,0,0,0,0,0,0,0,0,0,0,0,0,0,0,0,0,0,0,0,0,0,0,0,0,0,0,0,0,0,0,0,0,0,0,0,0,0,0,0,0,0,0,0,0,0,0,0,0,0,0,0,0,0,0,0,0,0,0,0,0,0,0,0,0,0,335.18,175.71,524.2128124,47.1065064,233.5,42.96,109.82,84.58657445,28.407,7.497,0,0,0,6371.204917,3193.166567,154.4169628,114.0457733,62.43095187
9297,4,Poly(acrylonitrile),PolymerDatabase https://polymerdatabase.com/,N#CC([*])C[*],1.505,-172.0755934,-3.7128,1.2581,-0.0001,3.9201,-0.32111,0.03303,34.58,63.376,8.187268519,0.381944444,8.187268519,0.381944444,0.43357679,53.064,50.04,53.0265491,20,0,0,0,0,0,2.75,3.5,3.5,0,0,0,0,0,0,0,0,3.044841612,65.6836744,4.991563832,2.231670646,2.231670646,2.808060412,0.920530223,0.920530223,0.33322359,0.33322359,0.091287093,0.091287093,0,0,-0.51,19.80026906,1.07332548,0.27420742,0.029371598,25.86171494,0,0,0,0,0,24.67567169,0,0,0,0,0,0,0,0,0,0,5.261891555,0,0,13.34455882,0,0,0,6.069221313,0,0,0,0,0,0,11.33111287,0,0,13.34455882,0,0,23.79,0,0,0,0,6.420821623,0,6.9237372,0,0,6.069221313,5.261891555,0.926157407,0,0,8.187268519,0,0,2.288194444,0.601851852,1.329861111,0,0.666666667,4,0,1,0,0,0,0,0,0,1,0,3,1,0,0,0,0,0.81538,14.17,0,0,0,0,0,0,0,0,0,0,0,0,0,0,0,1,0,0,0,0,0,0,0,0,0,0,0,0,0,0,0,0,0,0,0,0,0,0,0,0,0,0,0,0,0,0,0,0,0,0,0,0,0,0,0,0,0,1,0,0,0,0,0,0,0,0,0,0,0,0,0,0,0,0,0,0,0,0,0,0,0,0,0,0,0,368.48,206.3,559.3874877,44.50376302,205.5,165.97,209.88,63.96947216,32.068,4.873,0,0,0,0,60225.46763,110.2898098,74.70015204,35.69489913
9324,4,Poly(ethyl acrylate),PolymerDatabase https://polymerdatabase.com/,CCOC(C([*])C[*])=O,1.465,-347.0110314,0.9543,4.2152,-0.0008,4.3219,-0.25773,0.01319,60.81,106.912,10.85435185,0.090277778,10.85435185,0.090277778,0.491389239,100.117,92.053,100.0524295,40,0,0,0,0,0,2.285714286,3,3.428571429,0,0,0,0,0,0,0,0,3.458823343,94.95878456,7.276020882,4.308060412,4.308060412,4.218744015,2.100953631,2.100953631,0.956172441,0.956172441,0.453263132,0.453263132,0.201184464,0.201184464,-0.53,86.01498079,3.469267037,1.523475772,0.918077735,43.47408681,0,0,0,0,0,42.37588341,0,0,0,0,0,0,0,0,9.531400138,5.969305288,0,0,0,20.26829602,6.606881965,0,0,0,0,0,0,0,12.57618725,9.531400138,0,6.9237372,0,13.34455882,0,0,26.3,0,4.794537184,0,5.969305288,13.02770359,0,6.9237372,0,6.9237372,0,4.736862954,5.488110355,0,10.85435185,0,0,0.090277778,0,0.42125,3.646010015,0,0.8,7,0,2,0,0,0,0,0,0,2,0,4,3,0,0,0,0,0.8549,25.19,0,0,0,0,0,0,0,0,0,0,1,1,0,0,0,0,0,0,0,0,0,0,0,0,0,0,0,0,0,0,0,0,0,0,0,0,0,0,0,0,1,1,0,0,0,0,0,0,0,0,0,0,0,0,0,0,0,0,0,0,0,0,0,0,0,0,0,0,0,0,0,0,0,0,0,0,0,0,0,0,0,0,0,0,0,370.38,206.18,542.4611232,36.24605416,317.5,-357.47,-216.83,125.5571744,33.449,12.916,0.000562452,0,0,25636.30342,12848.58799,207.5940224,148.4886687,66.13288523
9268,4,"Poly(tetrahydrofuran), Poly(tetramethylene glycol), PolyTHF ﾂｮ",PolymerDatabase https://polymerdatabase.com/,[*]OCCCC[*],1.48,-233.6790482,0.1447,1.4846,0,1.4917,-0.26148,0.07973,48.96,87.616,5.121666667,0.254305556,5.121666667,0.254305556,0.453488757,72.107,64.043,72.05751488,30,0,0,0,0,0,1.8,2.8,3.4,0,0,0,0,0,0,0,0,2.447472888,28.8707654,5.535533906,3.236675415,3.236675415,3.414213562,1.788675135,1.788675135,0.911230926,0.911230926,0.394337567,0.394337567,0.102062073,0.102062073,-0.04,35.50960993,2.189674339,1.410312175,0.97010101,32.62831112,0,0,0,0,0,31.4787898,0,0,0,0,0,0,0,0,5.106527395,0,0,0,0,19.76538045,6.606881965,0,0,0,0,0,0,0,6.606881965,5.106527395,0,12.84164325,0,6.9237372,0,0,9.23,0,0,0,0,0,6.606881965,12.84164325,6.9237372,0,0,5.106527395,0.953055556,0,0,5.121666667,0,0,0,2.790833333,2.634444444,0,1,5,0,1,0,0,0,0,0,0,1,0,3,4,0,0,0,0,1.2151,19.993,0,0,0,0,0,0,0,0,0,0,0,0,0,0,0,0,0,0,0,0,0,0,0,0,0,0,0,0,0,0,0,0,0,0,0,0,0,0,0,0,0,0,0,0,0,0,0,0,0,0,0,0,0,0,0,0,0,0,0,0,0,0,0,0,0,0,0,0,0,0,0,0,0,0,0,0,0,0,0,0,0,0,0,2,0,312.14,189.81,469.6460084,39.30778982,259.5,-146.49,-17.44,101.9924917,26.614,10.668,0.000216404,0,0,7141.943857,3579.451084,149.0609475,122.850328,56.22389174
9320,4,"Poly(ether ether ketone), Poly[(hydroquinone)-alt-(4,4'-difluorobenzophenone)], Poly[(hydroquinone)-alt-(4,4'-dichlorobenzophenone)], Victrexﾂｮ PEEK, Hostatecﾂｮ PEEK",PolymerDatabase https://polymerdatabase.com/,[*]Oc1ccc(Oc2ccc(C(c3ccc([*])cc3)=O)cc2)cc1,1.67,-958.1388681,1.7632,-2.8049,1.0847,3.4861,-0.22239,-0.05621,225.15,264.016,12.46936814,-0.100005166,12.46936814,0.04027544,0.67107082,288.302,276.206,288.0786442,106,0,0,0,0,0,0.727272727,1.181818182,1.727272727,0,0,0,0,0,0,0,0,1.721150479,825.9956845,16.94094682,11.6529481,11.6529481,11.65219834,6.780598196,6.780598196,4.715643268,4.715643268,3.156361818,3.156361818,2.023056038,2.023056038,-3.07,0,11.5745225,5.040764043,2.564513682,127.9798347,0,0,0,0,0,127.6593829,0,0,0,0,0,0,0,0,14.63792753,11.84961201,0,0,0,0,0,83.9233078,0,17.2485355,15.90975742,0,17.2485355,0,5.783244946,0,0,15.92144017,72.79640482,0,0,0,35.53,0,4.794537184,0,5.783244946,11.31296332,17.06247516,6.066367068,12.13273414,48.53093655,12.13273414,9.843390349,5.878039794,0,12.46936814,5.371709152,1.398994182,2.39249908,24.15605632,0,0,0,0,22,0,3,0,0,0,3,0,3,3,0,5,5,0,0,0,3,3.7276,83.0945,0,0,0,0,0,0,0,0,0,0,1,1,0,0,0,0,0,0,0,0,0,0,0,0,0,0,0,0,0,0,0,0,0,0,3,0,0,0,0,0,0,1,0,0,0,0,0,0,0,0,0,1,0,0,0,0,0,0,0,0,0,0,0,0,0,0,0,0,0,0,0,0,0,0,0,0,0,0,0,0,0,0,0,0,0,826.61,547.84,1079.952406,24.00567878,799.5,-25.71,183.28,287.8252625,77.974,33.261,0.015785408,1.084794951,0.543685381,30.25753229,15.16468891,595.8499418,378.5825903,227.8337615
9286,4,Poly(2-chlorostyrene),PolymerDatabase https://polymerdatabase.com/,Clc1c(C([*])C[*])cccc1,1.595,-770.4892286,1.005,1.3376,0.0361,1.6735,-0.24153,-0.00954,92.08,132.088,6.065648148,0.450648148,6.065648148,0.450648148,0.589708049,138.597,131.541,138.0236279,46,0,0,0,0,0,1.666666667,2.444444444,3.111111111,0,0,0,0,0,0,0,0,2.933852306,237.2885968,8.267584714,4.9718226,5.727751546,5.253218858,2.713255931,3.091220404,1.72563709,2.132837217,1.125135806,1.469341854,0.640638751,0.853523802,-0.49,338.8835334,4.345142282,1.743778088,0.836467339,60.46455358,0,0,0,0,0,59.79705179,0,0,0,0,0,0,0,0,0,11.60093989,0,0,0,13.34455882,0,34.85155308,0,0,0,0,0,11.60093989,0,0,0,11.98427311,24.26546827,11.94637051,0,0,0,0,0,0,0,0,11.44345494,12.48718869,0,12.13273414,12.13273414,11.60093989,1.017894306,6.065648148,0,0.993101852,1.43441358,0,8.329034706,0.933981481,1.503703704,0,0.25,9,0,0,0,0,0,1,0,1,0,0,3,2,0,0,0,1,2.898,39,0,0,0,0,0,0,0,0,0,0,0,0,0,0,0,0,0,0,0,0,0,0,0,0,0,0,0,0,0,0,0,0,0,0,1,0,0,0,0,0,0,0,0,0,1,0,0,0,0,0,0,0,0,0,0,0,0,0,0,0,0,0,0,0,0,0,0,0,0,0,0,0,0,0,0,0,0,0,0,0,0,0,0,0,0,449.89,266.52,665.5609145,35.64268211,400.5,107.21,209.65,133.9311488,40.043,14.166,0.000990991,2291.151618,1148.295941,1077.211639,539.8847216,283.1994982,188.7111268,103.3042693
9261,4,Poly(propylene glycol),PolymerDatabase https://polymerdatabase.com/,CC(O[*])C[*],1.455,-194.3686,1.1368,-0.6311,0.8039,1.5287,-0.26108,0.07343,37.95,70.656,5.211805556,0.244212963,5.211805556,0.244212963,0.456506513,58.08,52.032,58.04186481,24,0,0,0,0,0,2.75,3.5,3.5,0,0,0,0,0,0,0,0,2.754184786,27.97416845,4.991563832,2.692705341,2.692705341,2.808060412,1.22130082,1.22130082,0.810617218,0.810617218,0,0,0,0,-0.04,19.80026906,1.410312175,0.462211238,0.115188246,26.26336901,0,0,0,0,0,25.05796818,0,0,0,0,0,0,0,0,5.106527395,0,0,0,0,19.95144079,0,0,0,0,0,0,0,0,6.103966388,5.106527395,0,6.9237372,0,6.9237372,0,0,9.23,0,0,0,0,6.103966388,0,6.9237372,0,0,6.9237372,5.106527395,0.863425926,0,0,5.211805556,0,0,0,0.657407407,3.600694444,0,1,4,0,1,0,0,0,0,0,0,1,0,3,2,0,0,0,0,0.8234,15.354,0,0,0,0,0,0,0,0,0,0,0,0,0,0,0,0,0,0,0,0,0,0,0,0,0,0,0,0,0,0,0,0,0,0,0,0,0,0,0,0,0,0,0,0,0,0,0,0,0,0,0,0,0,0,0,0,0,0,0,0,0,0,0,0,0,0,0,0,0,0,0,0,0,0,0,0,0,0,0,0,0,0,0,0,0,288.82,163.54,448.8263382,44.98261647,197.5,-131.13,-28.3,78.89226795,24,4.555,0.00015397,0,0,77840.33017,39012.57974,118.6898938,95.99841325,41.96145993
9246,4,Poly(N-isopropyl acrylamide),PolymerDatabase https://polymerdatabase.com/,O=C(NC(C)C)C([*])C[*],1.5,-366.4911287,-1.2203,2.3182,2.1774,3.4065,-0.23838,0.03566,75.71,127.264,11.17587963,0.249398148,11.17587963,0.249398148,0.576360045,113.16,102.072,113.084064,46,0,0,0,0,0,2,2.625,3,0,0,0,0,0,0,0,0,3.620574369,116.3154438,8.14626437,5.27005561,5.27005561,4.574586063,2.594423243,2.594423243,1.867413021,1.867413021,0.616329439,0.616329439,0.343443362,0.343443362,-0.53,116.29134,4.358753835,1.765979143,1.218715724,50.27534588,0,0,0,0,0,49.25237957,0,0,0,0,0,0,0,0,4.794537184,5.907179729,0,5.316788604,0,33.23387405,0,0,0,0,5.316788604,0,0,0,11.94902056,4.794537184,0,13.8474744,0,13.34455882,0,0,29.1,0,4.794537184,0,0,18.36984218,0,6.9237372,0,13.8474744,5.316788604,0,0.695618859,0,11.17587963,2.956990741,0,0.337962963,0.333055556,0.516111111,5.317714475,0,0.833333333,8,1,2,0,0,0,0,0,0,1,1,4,3,0,0,0,0,0.8164,31.8357,0,0,0,0,0,0,0,0,0,0,1,1,0,0,0,0,1,0,0,0,0,0,0,0,0,0,0,1,0,0,0,0,0,0,0,0,0,0,0,0,0,0,0,0,0,0,0,0,0,0,0,0,0,0,0,0,0,0,0,0,0,0,0,0,0,0,0,0,0,0,0,0,0,0,0,0,0,0,0,0,0,0,0,0,0,438.64,262.71,622.613391,35.51534902,382.5,-125.22,59.99,150.1545189,41.062,14.222,0,0,0,0,51527.98283,231.0858375,179.0223066,84.82724799
9244,4,Poly(methyl methacrylate),PolymerDatabase https://polymerdatabase.com/,COC(C(C[*])([*])C)=O,1.485,-347.008987,-1.9215,-3.8764,0.3891,4.344,-0.25702,0.01174,59.58,107.328,10.94486111,0.039351852,10.94486111,0.039351852,0.48079186,100.117,92.053,100.0524295,40,0,0,0,0,0,2.285714286,2.857142857,3,0,0,0,0,0,0,0,0,3.970539117,111.5256224,7.491563832,4.523603362,4.523603362,4.042040647,1.920049972,1.920049972,1.27191171,1.27191171,0.533857118,0.533857118,0.174230856,0.174230856,-0.53,72.59007043,3.469267037,0.997031798,0.600831803,43.47408681,0,0,0,0,0,42.37588341,0,0,0,0,0,0,0,0,9.531400138,5.969305288,0,0,0,19.76538045,7.109797541,0,0,0,0,0,0,0,13.07910283,9.531400138,0,6.9237372,0,12.84164325,0,0,26.3,0,4.794537184,0,11.88721133,0,0,14.03353474,0,6.9237372,4.736862954,0,5.170231481,0,10.94486111,0,0,0.089699074,0,0,3.227685185,1.484189815,0.8,7,0,2,0,0,0,0,0,0,2,0,4,2,0,0,0,0,0.8549,25.19,0,0,0,0,0,0,0,0,0,0,1,1,0,0,0,0,0,0,0,0,0,0,0,0,0,0,0,0,0,0,0,0,0,0,0,0,0,0,0,0,1,1,0,0,0,0,0,0,0,0,0,0,0,0,0,1,0,0,0,0,0,0,0,0,0,0,0,0,0,0,0,0,0,0,0,0,0,0,0,0,0,0,0,0,0,367.59,223.6,547.0497212,36.73094582,312.5,-360.94,-211.55,125.445944,32.541,9.025,0.000744397,0,0,97717.98976,48975.00896,202.6963272,145.2465581,67.06437628
9243,4,Poly(methyl acrylate),PolymerDatabase https://polymerdatabase.com/,COC(C([*])C[*])=O,1.475,-307.6887005,3.8292,2.1487,0.0013,4.3909,-0.26012,0.01114,49.14,90.592,10.62310185,0.055555556,10.62310185,0.055555556,0.456299072,86.09,80.042,86.03677943,34,0,0,0,0,0,2.5,3.166666667,3.333333333,0,0,0,0,0,0,0,0,3.459728672,84.10749561,6.568914101,3.600953631,3.600953631,3.718744015,1.513420006,1.513420006,0.727283884,0.727283884,0.36785113,0.36785113,0.083333333,0.083333333,-0.53,53.47276361,2.61092148,0.964551163,0.379386766,37.1091447,0,0,0,0,0,35.95506179,0,0,0,0,0,0,0,0,9.531400138,5.969305288,0,0,0,13.34455882,7.109797541,0,0,0,0,0,0,0,13.07910283,9.531400138,0,0,0,13.34455882,0,0,26.3,0,4.794537184,0,5.969305288,6.420821623,0,14.03353474,0,0,4.736862954,0,5.210740741,0,10.62310185,0,0,0.055555556,0,0.416666667,1.214953704,1.478981481,0.75,6,0,2,0,0,0,0,0,0,2,0,4,2,0,0,0,0,0.4648,20.573,0,0,0,0,0,0,0,0,0,0,1,1,0,0,0,0,0,0,0,0,0,0,0,0,0,0,0,0,0,0,0,0,0,0,0,0,0,0,0,0,1,1,0,0,0,0,0,0,0,0,0,0,0,0,0,1,0,0,0,0,0,0,0,0,0,0,0,0,0,0,0,0,0,0,0,0,0,0,0,0,0,0,0,0,0,347.5,194.91,519.7573219,40.8292419,261.5,-336.83,-225.25,102.6721952,31.223,10.326,0.000430259,0,0,69133.25064,34648.70264,172.8448193,116.740118,52.95105261
9258,4,"Nylon 6/6, Poly(hexamethylene adipamide), Poly(hexane-1,6-diyladipamide), Poly(N,N窶ｲ-hexamethyleneadipinediamide), Ultramidﾂｮ, Nylatronﾂｮ, Zytelﾂｮ, Durethanﾂｮ, Akromidﾂｮ",PolymerDatabase https://polymerdatabase.com/,O=C(NCCCCCCN[*])CCCCC([*])=O,1.53,-731.7285456,3.7389,0.5536,3.7918,5.3538,-0.23182,-0.02159,153.89,244.032,11.44076395,-0.11577428,11.44076395,0.11577428,0.49387471,226.32,204.144,226.1681279,92,0,0,0,0,0,0.9375,1.625,2.3125,0,0,0,0,0,0,0,0,3.190758252,238.1173001,13.63998191,9.887564393,9.887564393,8.66390246,6.072461853,6.072461853,3.865610941,3.865610941,2.35839971,2.35839971,1.402475385,1.402475385,-0.9,7453.436837,11.58146291,8.275028214,8.411784571,97.96641137,0,0,0,0,0,97.2889565,0,0,0,0,0,0,0,0,9.589074368,12.19334025,0,11.05045608,0,51.36657298,13.08951281,0,0,0,11.05045608,0,0,0,25.28285306,9.589074368,0,51.36657298,0,0,0,0,58.2,0,9.589074368,0,5.907179729,19.12780377,25.80722127,25.80722127,0,0,11.05045608,0,0.256228215,0,22.2581522,2.950169596,3.374129552,0.149646033,0,8.346058887,1.99894885,0,0.833333333,16,2,4,0,0,0,0,0,0,3,2,6,12,0,0,0,0,1.3532,62.9554,0,0,0,0,0,0,0,0,0,0,2,2,0,0,0,0,2,0,0,0,0,0,0,0,0,0,0,1,0,0,0,0,0,0,0,0,0,0,0,0,0,0,0,0,0,0,0,0,0,0,0,0,0,0,0,0,0,0,0,0,0,0,0,0,0,0,0,0,0,0,0,0,0,0,0,0,0,0,0,0,0,0,0,6,0,680.84,462.92,859.9895918,20.77431696,771.5,-297.61,75.86,305.7908802,68.376,43.416,0,1425.02648,714.2050792,79100.5715,39644.19661,447.1971324,348.0989295,173.2313315
9332,4,Poly(ethylene terephthalate),PolymerDatabase https://polymerdatabase.com/,[*]C(c1ccc(C(OCCO[*])=O)cc1)=O,1.57,-687.9719179,-1.9759,-1.0086,1.8245,2.8723,-0.26626,-0.08614,121.5,174.328,11.4739777,-0.361858466,11.4739777,0.076162829,0.515786273,192.17,184.106,192.0422587,72,0,0,0,0,0,1.214285714,1.857142857,2.428571429,0,0,0,0,0,0,0,0,2.594903572,374.9103487,11.96625533,7.356607801,7.356607801,7.647065708,4.01108991,4.01108991,2.519455678,2.519455678,1.554943325,1.554943325,0.892049716,0.892049716,-1.68,3784.934677,7.698702288,3.592153468,1.972137182,81.12199476,0,0,0,0,0,80.29406571,0,0,0,0,0,0,0,0,19.43246472,12.25546581,0,0,0,0,13.21376393,35.39237126,0,0,0,0,0,0,25.46922974,9.843390349,0,20.71597735,24.26546827,0,0,0,52.6,0,9.589074368,0,12.25546581,24.34066691,0,0,24.26546827,0,0,9.843390349,4.590245569,0,22.596743,5.015061364,1.178134632,-0.361858466,6.62426855,0.229838844,0.794233172,0,0.2,14,0,4,0,0,0,1,0,1,4,0,6,5,0,0,0,1,1.0138,47.007,0,0,0,0,0,0,0,0,0,0,2,2,0,0,0,0,0,0,0,0,0,0,0,0,0,0,0,0,0,0,0,0,0,0,1,0,0,0,0,0,1,1,0,0,0,0,0,0,0,0,0,0,0,0,0,0,0,0,0,0,0,0,0,0,0,0,0,0,0,0,0,0,0,0,0,0,0,0,0,0,0,0,0,1,0,593.17,388.63,803.5551228,31.31489032,519.5,-475.13,-303.43,198.0565713,57.061,25.828,0.004560892,14624.65367,7329.689714,94234.05336,47228.90452,362.8735021,227.2023268,120.0925768
9310,4,"Poly(caprolactone), Poly(6-hexanolactone)",PolymerDatabase https://polymerdatabase.com/,O=C([*])CCCCCO[*],1.46,-386.3073308,-2.9372,1.0257,0,3.1111,-0.25059,-0.02574,71.76,124.392,10.56864536,-0.003294359,10.56864536,0.003294359,0.483232147,114.144,104.064,114.0680796,46,0,0,0,0,0,1.625,2.5,3.125,0,0,0,0,0,0,0,0,2.838589122,95.74860596,7.819990956,4.852030487,4.852030487,4.77005561,2.84635267,2.84635267,1.659121884,1.659121884,0.923176335,0.923176335,0.476007552,0.476007552,-0.37,142.1951606,4.503290913,2.821686281,2.745638273,49.51971745,0,0,0,0,0,48.47739356,0,0,0,0,0,0,0,0,9.901064579,6.286160523,0,0,0,25.68328649,6.606881965,0,0,0,0,0,0,0,12.89304249,9.901064579,0,25.68328649,0,0,0,0,26.3,0,4.794537184,0,0,6.286160523,25.86934683,6.420821623,0,0,0,5.106527395,0.156316374,0,10.56864536,5.129567744,0,0,0,4.863252079,0.94888511,0,0.833333333,8,0,2,0,0,0,0,0,0,2,0,4,6,0,0,0,0,1.1036,29.427,0,0,0,0,0,0,0,0,0,0,1,1,0,0,0,0,0,0,0,0,0,0,0,0,0,0,0,0,0,0,0,0,0,0,0,0,0,0,0,0,0,0,0,0,0,0,0,0,0,0,0,0,0,0,0,0,0,0,0,0,0,0,0,0,0,0,0,0,0,0,0,0,0,0,0,0,0,0,0,0,0,0,0,3,0,411.77,262.28,583.4221152,33.64538305,377.5,-300.35,-129.52,148.1988539,37.812,17.447,0.00085026,0,64946.10161,43610.53925,21857.04552,215.1207877,168.5404208,74.36796372
9323,4,"Poly(ethersulfone), Poly(1,4-phenylene ether-sulfone), Victrex ﾂｮ 100P & 200P, Ultrason ﾂｮ E, Poly{[bis(4-chlorophenyl)sulfone]-alt-[bis(4-hydroxyphenyl)sulfone]}",PolymerDatabase https://polymerdatabase.com/,[*]c1ccc(S(=O)(c2ccc(Oc3ccc(S(=O)(c4ccc(O[*])cc4)=O)cc3)cc2)=O)cc1,1.55,-2173.003869,-2.3258,4.4944,-4.2389,6.6013,-0.2402,-0.05672,322.41,385.112,12.8506522,-3.658176137,12.8506522,0.0278033,0.40819889,464.52,448.392,464.0388302,160,0,0,0,0,0,0.5,0.8125,1.15625,0,0,0,0,0,0,0,0,1.495076595,1498.911777,24.34672421,16.50359063,18.13658379,16.19587511,9.381004503,12.347331,6.758851471,10.6582167,4.635753869,8.206825736,2.951475501,5.473357552,-3.62,0,19.09442629,7.50700491,3.856412932,185.7612615,0,0,0,0,0,186.3122002,0,0,0,0,0,0,0,0,26.67898432,25.74087334,0,0,0,19.5819339,0,97.0618731,0,17.2485355,15.90975742,0,17.2485355,0,16.83559397,19.67450627,0,0,116.643807,0,0,0,86.74,19.67450627,16.83559397,0,19.5819339,17.2485355,0,42.46456948,48.53093655,12.13273414,0,9.843390349,56.88196532,0,0.787191188,5.320034867,0,1.558461718,26.8742747,0,0,-7.255261124,0,32,0,6,0,0,0,4,0,4,6,0,10,7,0,0,0,4,4.1622,117.0076,0,0,0,0,0,0,0,0,0,0,0,0,0,0,0,0,0,0,0,0,0,0,0,0,0,0,0,0,0,0,0,0,0,0,4,0,0,0,0,0,0,1,0,0,0,0,0,0,0,0,0,0,0,0,0,0,0,0,0,0,0,0,0,0,0,0,0,0,0,0,0,0,0,0,0,0,0,2,0,0,0,0,0,0,0,876.8,601.52,1102.253858,23.65667913,1109.5,-781.71,-546.24,397.4334033,108.932,52.76,1.096156514,0.186682848,0.09356306,38.16434317,19.12748158,855.2811885,563.2320489,289.066664
9294,4,"Polyacetal, Poly(formaldehyde), Polymethylene glycol, Delrinﾂｮ, Celconﾂｮ, Duraconﾂｮ",PolymerDatabase https://polymerdatabase.com/,[*]CO[*],1.495,-115.723964,0.7378,-1.4932,0,1.6655,-0.26489,0.07702,16.25,37.136,4.902777778,0.319444444,4.902777778,0.319444444,0.39317639,30.026,28.01,30.01056468,12,0,0,0,0,0,3.5,4,4,0,0,0,0,0,0,0,0,1.974744871,8,3.414213562,1.115355072,1.115355072,1.914213562,0.288675135,0.288675135,0,0,0,0,0,0,-0.04,6.854752972,0.206165084,0.000399833,-0.046944444,13.53348478,0,0,0,0,0,12.21632494,0,0,0,0,0,0,0,0,5.106527395,0,0,0,0,0,7.109797541,0,0,0,0,0,0,0,7.109797541,5.106527395,0,0,0,0,0,0,9.23,0,0,0,0,0,0,7.109797541,0,0,0,5.106527395,0.916666667,0,0,4.902777778,0,0,0,0,0,1.180555556,1,2,0,1,0,0,0,0,0,0,1,0,3,1,0,0,0,0,-0.0259,5.952,0,0,0,0,0,0,0,0,0,0,0,0,0,0,0,0,0,0,0,0,0,0,0,0,0,0,0,0,0,0,0,0,0,0,0,0,0,0,0,0,0,0,0,0,0,0,0,0,0,0,0,0,0,0,0,0,0,0,0,0,0,0,0,0,0,0,0,0,0,0,0,0,0,0,0,0,0,0,0,0,0,0,0,0,0,243.5,156,394.5389906,58.53947522,91.5,-84.57,-42.7,33.33755426,19.936,2.898,6.34E-05,0,0,0,0,55.05488129,40.71598074,19.12898017
9311,4,"Polychloroprene, Neopreneﾂｮ, Butachlorﾂｮ, Skypreneﾂｮ, Bayprenﾂｮ",PolymerDatabase https://polymerdatabase.com/,Cl/C(C[*])=C\C[*],1.555,-616.8310674,-0.3538,1.7395,0,1.7751,-0.23662,0.00869,53.68,88.32,5.728996914,0.523981481,5.728996914,0.523981481,0.484684373,88.537,83.497,88.00797784,28,0,0,0,0,0,2.2,3,3.2,0,0,0,0,0,0,0,0,3.285979159,70.09004635,5.698670613,2.869528305,3.625457251,3.308060412,1.239459052,1.617423525,0.650987857,1.136466989,0.221489242,0.375792592,0,0,0.03,31.91663524,2.246691556,1.017549813,0.656388785,37.44774057,0,0,0,0,0,36.55672075,0,0,0,0,0,0,0,0,0,11.60093989,0,0,0,13.8474744,0,11.10830646,0,0,0,0,0,11.60093989,0,0,0,0,11.10830646,13.8474744,0,0,0,0,0,0,0,0,5.032286352,13.8474744,0,0,6.076020107,11.60093989,1.101759259,5.728996914,0,1.148148148,0,0,0,2.202932099,2.595941358,0,0.5,5,0,0,0,0,0,0,0,0,0,0,3,2,0,0,0,0,2.0443,23.55,0,0,0,0,0,0,0,0,0,0,0,0,0,0,0,0,0,0,0,0,0,0,0,0,0,0,2,0,0,0,0,0,0,0,0,0,0,0,0,0,0,0,0,0,1,0,0,0,0,0,0,0,0,0,0,0,0,0,0,0,0,0,0,0,0,0,0,0,0,0,0,0,0,0,0,0,0,0,0,0,0,0,0,0,0,331.19,178.46,510.2813629,41.19695274,271.5,77.42,147.3,85.97620759,28.627,12.569,0,79382.50551,39785.49833,273.382742,137.0159402,157.6718471,118.6059908,61.32950939
9281,4,Poly(ethyl-ﾎｱ-chloroacrylate,PolymerDatabase https://polymerdatabase.com/,CCOC(C(C[*])([*])Cl)=O,1.5,-806.6078237,0.5737,-2.2851,2.4428,3.3939,-0.27238,-0.02282,70.27,122.824,11.04416667,-0.476180556,11.04416667,0.11683642,0.425355069,134.562,127.506,134.0134571,46,0,0,0,0,0,2.25,2.875,3.25,0,0,0,0,0,0,0,0,3.913869399,126.8163583,8.198670613,4.608674616,5.364603562,4.542040647,2.196565833,2.574530306,1.125368615,1.581612093,0.496921158,0.651224508,0.209402621,0.263957094,-0.24,116.9744756,4.621116324,1.621724282,0.943673469,53.77735304,0,0,0,0,0,52.93308955,0,0,0,0,0,0,0,0,9.531400138,17.57024518,0,0,0,19.22456227,6.606881965,0,0,0,0,0,0,11.60093989,17.95327512,9.531400138,0,6.9237372,0,6.9237372,0,0,26.3,5.377087868,4.794537184,0,5.969305288,6.606881965,6.9237372,0,0,6.9237372,0,16.33780284,4.949144306,5.948966049,11.04416667,-0.476180556,0,-0.160493827,0,0,3.222175139,0,0.8,8,0,2,0,0,0,0,0,0,2,0,5,3,0,0,0,0,1.0015,30.024,0,0,0,0,0,0,0,0,0,0,1,1,0,0,0,0,0,0,0,0,0,0,0,0,0,1,0,0,0,0,0,0,0,0,0,0,0,0,0,0,1,1,0,0,1,0,0,0,0,0,0,0,0,0,0,0,0,0,0,0,0,0,0,0,0,0,0,0,0,0,0,0,0,0,0,0,0,0,0,0,0,0,0,0,0,405.02,253.52,592.6871924,35.13741717,361.5,-376.68,-223.48,138.7839548,36.926,13.222,0.001324989,0,0,78707.39139,39447.13976,239.7200167,160.8092928,76.19726288
9344,4,"Polylactic acid, Poly(L-lactide), Poly(D,L-lactide)",PolymerDatabase https://polymerdatabase.com/,[*]C(C(O[*])=O)C,1.47,-268.3972776,4.487,0.5987,0,4.5267,-0.26575,0.01353,37.61,73.448,10.41435185,-0.134907407,10.41435185,0.069444444,0.446475439,72.063,68.031,72.02112937,28,0,0,0,0,0,2.6,3.2,3.2,0,0,0,0,0,0,0,0,3.353075954,71.33515885,5.86180732,2.89384685,2.89384685,3.180739213,1.274273694,1.274273694,0.607710728,0.607710728,0.23570226,0.23570226,0,0,-0.53,27.9770933,1.798837034,0.505725462,0.250604861,30.42489111,0,0,0,0,0,29.21492869,0,0,0,0,0,0,0,0,9.901064579,5.969305288,0,0,0,13.34455882,0,0,0,0,0,0,0,0,5.969305288,9.901064579,0,6.9237372,0,6.420821623,0,0,26.3,0,4.794537184,0,5.969305288,6.420821623,0,0,0,6.9237372,5.106527395,0,0.065324074,0,10.41435185,4.685185185,0,0.069444444,0,0.31712963,1.948564815,0,0.666666667,5,0,2,0,0,0,0,0,0,2,0,4,1,0,0,0,0,0.3516,15.516,0,0,0,0,0,0,0,0,0,0,1,1,0,0,0,0,0,0,0,0,0,0,0,0,0,0,0,0,0,0,0,0,0,0,0,0,0,0,0,0,0,0,0,0,0,0,0,0,0,0,0,0,0,0,0,0,0,0,0,0,0,0,0,0,0,0,0,0,0,0,0,0,0,0,0,0,0,0,0,0,0,0,0,0,0,324.62,183.64,496.6106499,46.34004044,205.5,-316.19,-233.67,79.78721609,28.997,7.736,0.000320397,0,0,0,60486.07631,122.2189519,95.00474608,42.70315675
9296,4,"Poly(acrylic acid), Acrysol, Acumer",PolymerDatabase https://polymerdatabase.com/,OC(C([*])C[*])=O,1.51,-268.3972774,-4.4868,0.5987,0.001,4.5266,-0.26576,0.01353,37.61,73.424,10.03282407,-0.532407407,10.03282407,0.099537037,0.511523592,72.063,68.031,72.02112937,28,0,0,0,0,0,2.6,3.2,3.2,0,0,0,0,0,0,0,0,3.343417059,73.33515885,5.86180732,2.639918936,2.639918936,3.180739213,1.124654368,1.124654368,0.542361813,0.542361813,0.174620426,0.174620426,0,0,-0.53,27.9770933,1.798837034,0.505725462,0.250604861,30.42489111,0,0,0,0,0,29.21492869,0,0,0,0,0,0,0,0,9.901064579,5.969305288,0,0,0,13.34455882,0,0,0,0,0,0,0,0,11.07583268,4.794537184,0,0,0,13.34455882,0,0,37.3,5.969305288,4.794537184,0,6.420821623,0,6.9237372,0,0,0,0,5.106527395,0.455833333,0,10.03282407,8.284490741,0,-0.532407407,0,0.180555556,1.078703704,0,0.666666667,5,1,2,0,0,0,0,0,0,1,1,4,2,0,0,0,0,0.3764,16.1928,1,0,0,0,0,0,0,0,1,1,1,0,0,0,0,0,0,0,0,0,0,0,0,0,0,0,0,0,0,0,0,0,0,0,0,0,0,0,0,0,0,0,0,0,0,0,0,0,0,0,0,0,0,0,0,0,0,0,0,0,0,0,0,0,0,0,0,0,0,0,0,0,0,0,0,0,0,0,0,0,0,0,0,0,0,411.91,301.91,604.5864911,52.13152784,203.5,-349.18,-267.21,77.84507897,38.754,13.51,0.001043266,0,87844.04747,0,94181.93669,121.5926302,91.03116355,43.86187791
9295,4,Poly(acrylamide),PolymerDatabase https://polymerdatabase.com/,NC(C([*])C[*])=O,1.45,-248.5386694,2.7656,2.5775,-0.0001,3.7805,-0.23902,0.03791,41.33,76.608,10.2550463,-0.032407407,10.2550463,0.032407407,0.480054433,71.079,66.039,71.03711378,28,0,0,0,0,0,2.6,3.2,3.2,0,0,0,0,0,0,0,0,3.343417059,75.33515885,5.86180732,2.77005561,2.77005561,3.180739213,1.189722705,1.189722705,0.606493072,0.606493072,0.201184464,0.201184464,0,0,-0.53,27.9770933,1.798837034,0.505725462,0.250604861,30.97054805,0,0,0,0,0,29.77994321,0,0,0,0,0,0,0,0,4.794537184,5.907179729,0,0,5.733667477,13.34455882,0,0,0,0,5.733667477,0,0,0,5.907179729,4.794537184,0,0,0,13.34455882,0,0,43.09,0,4.794537184,0,5.907179729,6.420821623,0,6.9237372,0,0,0,5.733667477,0.660833333,0,10.2550463,0,5.010046296,-0.032407407,0,0.402777778,1.203703704,0,0.666666667,5,2,2,0,0,0,0,0,0,1,1,4,2,0,0,0,0,-0.2229,17.7514,0,0,0,0,0,0,0,0,0,0,1,1,0,0,0,0,0,1,0,0,0,0,0,0,0,0,0,1,0,0,0,0,0,0,0,0,0,0,0,0,0,0,0,0,0,0,0,0,0,0,0,0,0,0,0,0,0,0,0,0,0,0,0,0,0,0,0,0,0,0,0,1,0,0,0,0,0,0,0,0,0,0,0,0,0,392.8,274.5,587.44509,54.54597025,214.5,-57.7,14.23,85.62347863,38.977,10.163,0,0,0,0,0,119.5849109,90.82417582,39.32227356
9275,4,"Poly(vinylidene fluoride), Solefﾂｮ, Neoflonﾂｮ, Foraflonﾂｮ, Soltexﾂｮ, Tecaflonﾂｮ, Kynarﾂｮ",PolymerDatabase https://polymerdatabase.com/,FC(C[*])([*])F,1.43,-278.3072822,1.735,0,0.9206,1.9641,-0.32963,0.10592,23.86,55.592,11.625,-2.097222222,11.625,0.027777778,0.427904047,64.034,62.018,64.0124565,24,0,0,0,0,0,2.25,2.5,2.5,0,0,0,0,0,0,0,0,3.168489873,39.30296891,5.207106781,1.963035727,1.963035727,2.560660172,0.731517864,0.731517864,0.338689813,0.338689813,0,0,0,0,-0.14,12.16479704,1.336739657,0.210253721,0.168181329,23.43526395,0,0,0,0,0,22.13001204,0,0,0,0,0,0,0,0,8.780830095,0,0,0,0,13.34918194,0,0,0,0,0,8.780830095,0,0,6.425444745,0,0,0,0,6.9237372,0,0,0,6.425444745,8.780830095,0,0,6.9237372,0,0,0,0,0,0,22.54861111,0,0,0,0,0,0,-2.097222222,0.298611111,0,1,4,0,0,0,0,0,0,0,0,0,0,4,1,0,0,0,0,1.0961,9.754,0,0,0,0,0,0,0,0,0,0,0,0,0,0,0,0,0,0,0,0,0,0,0,0,0,2,0,0,0,0,0,0,0,0,0,0,0,0,0,0,0,0,0,0,2,0,0,0,0,0,0,0,0,0,0,0,0,0,0,0,0,0,0,0,0,0,0,0,0,0,0,0,0,0,0,0,0,0,0,0,0,0,0,0,0,239.27,148.64,381.0989692,47.1065064,154.5,-373.96,-316.06,57.40912034,16.822,3.046,0,0,0,85190.24191,42696.26168,99.06574856,63.50374374,26.4285548
9334,4,"Polyglycolide, Polyglycolic acid",PolymerDatabase https://polymerdatabase.com/,[*]OCC([*])=O,1.515,-229.0389779,2.7584,-1.1033,-0.0003,2.9709,-0.25886,-0.03004,27.38,57.296,10.06986111,-0.045138889,10.06986111,0.037777778,0.42928197,58.036,56.02,58.0054793,22,0,0,0,0,0,2.75,3.5,3.5,0,0,0,0,0,0,0,0,2.83125711,53.509775,4.991563832,2.023603362,2.023603362,2.77005561,0.84635267,0.84635267,0.288675135,0.288675135,0.058925565,0.058925565,0,0,-0.37,14.83446686,1.171267627,0.325963502,0.093531351,24.05994899,0,0,0,0,0,22.79410707,0,0,0,0,0,0,0,0,9.901064579,6.286160523,0,0,0,0,6.606881965,0,0,0,0,0,0,0,12.89304249,9.901064579,0,0,0,0,0,0,26.3,0,4.794537184,0,0,12.89304249,0,0,0,0,0,5.106527395,-0.007361111,0,10.06986111,4.766203704,0,0,0,0.37962963,0.458333333,0,0.5,4,0,2,0,0,0,0,0,0,2,0,4,2,0,0,0,0,-0.4568,10.959,0,0,0,0,0,0,0,0,0,0,1,1,0,0,0,0,0,0,0,0,0,0,0,0,0,0,0,0,0,0,0,0,0,0,0,0,0,0,0,0,0,0,0,0,0,0,0,0,0,0,0,0,0,0,0,0,0,0,0,0,0,0,0,0,0,0,0,0,0,0,0,0,0,0,0,0,0,0,0,0,0,0,0,0,0,320.25,217.2,492.928299,55.6916908,153.5,-217.79,-163.2,56.65893733,28.908,7.087,0.000270765,0,0,0,0,88.6055254,62.19697782,30.2159135
9312,4,Poly(chlorotrifluoroethylene),PolymerDatabase https://polymerdatabase.com/,FC(C(F)([*])F)([*])Cl,1.48,-837.1158425,0.0091,-0.1961,-2.1168,2.1259,-0.32263,-0.00103,33.18,76.792,12.08487654,-3.102623457,12.08487654,1.088734568,0.456088603,116.469,116.469,115.9640623,36,0,0,0,0,0,1.5,1.666666667,1.666666667,0,0,0,0,0,0,0,0,4.020391543,70.26466251,7,2.511857892,3.267786838,3.25,1.005928946,1.383893419,0.520821616,0.852660995,0.142857143,0.285714286,0,0,0.08,21.30605883,3.130145233,0.579495636,0.469450601,37.90406558,0,0,0,0,0,36.828487,0,0,0,0,0,0,0,0,13.17124514,11.60093989,0,0,0,12.05630196,0,0,0,0,0,13.17124514,0,11.60093989,12.05630196,0,0,0,0,0,0,0,0,12.05630196,13.17124514,0,0,0,0,0,0,0,0,11.60093989,33.51003086,4.766203704,0,0,-2.5625,0,0,-3.102623457,0,0,1,6,0,0,0,0,0,0,0,0,0,0,6,1,0,0,0,0,1.5399,14.639,0,0,0,0,0,0,0,0,0,0,0,0,0,0,0,0,0,0,0,0,0,0,0,0,0,4,0,0,0,0,0,0,0,0,0,0,0,0,0,0,0,0,0,0,4,0,0,0,0,0,0,0,0,0,0,0,0,0,0,0,0,0,0,0,0,0,0,0,0,0,0,0,0,0,0,0,0,0,0,0,0,0,0,0,0,272.74,181.57,428.886272,43.28254848,210.5,-594.56,-519.96,78.71390664,19.094,2.909,0,0,0,90316.07291,45265.26274,142.9121786,96.73504983,44.27192877
